Datetime,Tweet Id,Text,Username,LikeCount,QuoteCount
2022-10-27 21:45:47+00:00,1585749627365515266,@Gfilche @Twitter ü§£,elonmusk,32,10706
2022-10-27 13:08:00+00:00,1585619322239561728,Dear Twitter Advertisers https://t.co/GMwHmInPAS,elonmusk,23067,749830
2022-10-26 21:39:32+00:00,1585385664606269440,Meeting a lot of cool people at Twitter today!,elonmusk,1679,297744
2022-10-26 18:45:58+00:00,1585341984679469056,Entering Twitter HQ ‚Äì let that sink in! https://t.co/D68z4K2wq7,elonmusk,43517,1398363
2022-10-26 17:05:16+00:00,1585316645194452997,@ARodTV Definitely closer to citizen journalism ‚Äì local news orgs are under-appreciated &amp; should get way more prominence on Twitter,elonmusk,114,12944
2022-10-26 15:27:40+00:00,1585292083610279936,A beautiful thing about Twitter is how it empowers citizen journalism ‚Äì people are able to disseminate news without an establishment bias,elonmusk,6304,382078
2022-10-26 07:27:48+00:00,1585171321960685573,@PPathole @Twitter Yes!,elonmusk,101,15177
2022-10-25 01:15:05+00:00,1584715136547573762,"@SwipeWright Twitter should be as broadly inclusive as possible, serving as a fair forum for lively, even if occasionally rancorous, debate between widely divergent beliefs.",elonmusk,434,25715
2022-10-24 13:39:48+00:00,1584540160959860738,"@MarcusHouse @LordofEa @kerrikgray @chicago_glenn @Tesla @teslaownersSV @dvorahfr @TonyadeVitti @SpaceX @SirineAti That‚Äôs the plan, unless it is damaged in testing. What really matters is that ship &amp; booster production line is spooling up. Also, each new ship &amp; booster has incremental design improvements.",elonmusk,33,3884
2022-10-23 22:36:41+00:00,1584312886066749441,@LordofEa @kerrikgray @chicago_glenn @Tesla @teslaownersSV @dvorahfr @TonyadeVitti @SpaceX @SirineAti Absolutely!,elonmusk,55,10095
2022-10-21 06:11:05+00:00,1583340073319530497,"@teslaownersSV @BillyM2k Varies a lot. Tesla &amp; SpaceX are in good positions, but many other companies are not. 

Recessions do have a silver lining in that companies that shouldn‚Äôt exist stop existing.",elonmusk,46,3611
2022-10-18 00:27:18+00:00,1582166395345068034,@TeslaAIBot @SpaceX @Tesla Thanks Optimus :),elonmusk,63,18398
2022-10-15 20:15:19+00:00,1581378204841172992,@KimDotcom @Twitter I‚Äôm trying my hardest to de-escalate this situation and obviously failing,elonmusk,472,23250
2022-10-15 19:52:35+00:00,1581372484762226690,"@KimDotcom @Twitter Damned if you do, damned if you don‚Äôt, so ‚Ä¶ guess I‚Äôm just damned",elonmusk,223,18416
2022-10-12 21:09:41+00:00,1580304724082843648,"Please buy my perfume, so I can buy Twitter",elonmusk,11567,584620
2022-10-10 00:07:38+00:00,1579262341904203777,@chicago_glenn @neiltyson Strange @Twitter,elonmusk,28,3286
2022-10-08 15:28:50+00:00,1578769394536452097,"@kanyewest Welcome back to Twitter, my friend!",elonmusk,3801,562251
2022-10-07 14:11:05+00:00,1578387441332928513,"In case you missed Tesla AI Day 2022
https://t.co/Sbu0peXpY1",elonmusk,240,42328
2022-10-07 01:04:04+00:00,1578189382812508160,"@stevenmarkryan @nichegamer @Twitter Personally, I like the latter, but to each their own",elonmusk,25,4134
2022-10-07 01:02:22+00:00,1578188951588073472,@stevenmarkryan @nichegamer @Twitter I think being able to dial the content you see from ‚Äúwarm &amp; fuzzy‚Äù all the way to ‚Äúbring it on mf!‚Äù is the way to go,elonmusk,167,7098
2022-10-07 00:42:50+00:00,1578184037776216064,"@nichegamer @Twitter Software engineering, server operations &amp; design will rule the roost",elonmusk,28,3397
2022-10-07 00:40:47+00:00,1578183522518413313,@nichegamer @Twitter There will be very rapid product evolution,elonmusk,43,3424
2022-10-06 23:50:57+00:00,1578170980283076608,Excited to announce start of production of Tesla Semi Truck with deliveries to @Pepsi on Dec 1st! https://t.co/gq0l73iGRW,elonmusk,4504,363355
2022-10-06 04:43:38+00:00,1577882249604857857,"@stevenmarkryan So they‚Äôre saying that not buying Twitter is bad, but also buying Twitter is bad!?",elonmusk,289,37768
2022-10-06 01:27:54+00:00,1577832990490693632,"@LindseyGrahamSC First of all, Tesla hasn‚Äôt had that consumer tax credit for years &amp; we didn‚Äôt ask for this one ‚Äì GM &amp; Ford did",elonmusk,272,40911
2022-10-05 19:09:06+00:00,1577737664689848326,@TEDchris Twitter is an accelerant to fulfilling the original https://t.co/bOUOek5Cvy vision,elonmusk,202,12290
2022-10-04 22:41:17+00:00,1577428673971777536,"@LarckeningXuruo Twitter probably accelerates X by 3 to 5 years, but I could be wrong",elonmusk,211,24136
2022-10-04 22:39:41+00:00,1577428272056389633,"Buying Twitter is an accelerant to creating X, the everything app",elonmusk,11594,424295
2022-10-03 08:07:32+00:00,1576846397793787904,"@PPathole @Tesla @SpaceX @neuralink @boringcompany I‚Äôm trying my hardest! Perhaps more people might consider loving humanity. 

Our collective light of consciousness is a tiny candle in a vast darkness. Please do not let it go out.",elonmusk,117,8204
2022-10-03 08:01:39+00:00,1576844919846883328,@cb_doge @Tesla Optimus will be sickkk,elonmusk,92,31130
2022-10-03 08:01:08+00:00,1576844786668929024,@cb_doge @Tesla üëÄ,elonmusk,30,9423
2022-10-03 07:58:13+00:00,1576844052250603520,"@WholeMarsBlog Would be cool to make a game using Tesla Sim that‚Äôs literally your city &amp; neighborhood, down to skid marks on road &amp; then inject fantasy/sci-fi elements",elonmusk,87,5972
2022-10-02 18:17:15+00:00,1576637452726702081,@WholeMarsBlog Smoothing out crazy end of quarter delivery wave to reduce expedite costs &amp; relieve stress on Tesla team. Aiming for steadier deliveries intra-quarter.,elonmusk,60,3594
2022-10-02 15:04:52+00:00,1576589037829509121,"@OriolVinyalsML @Tesla @karpathy Thanks, we have a great team",elonmusk,23,6907
2022-10-02 01:29:06+00:00,1576383741479768066,"Recording of Tesla AI Day 2022 
https://t.co/7LR51x7pXa",elonmusk,159,23823
2022-10-01 02:36:33+00:00,1576038326364053504,"The point of AI Day is to show the immense depth &amp; breadth of Tesla in AI, compute hardware &amp; robotics",elonmusk,342,52558
2022-10-01 02:22:17+00:00,1576034738820636673,@cb_doge @Tesla ü§£,elonmusk,19,2180
2022-09-30 22:08:06+00:00,1575970770584379392,Tesla AI Day 2022 starts at precisely 6:15pm California time,elonmusk,285,42110
2022-09-30 22:03:36+00:00,1575969637631565825,"@teslaownersSV @Tesla Tesla team is awesome, such an honor to work with them!",elonmusk,45,12255
2022-09-28 23:38:46+00:00,1575268810109505536,Last coal shipment arrived in Hawaii at same time as Tesla Megapack batteries that will enable 24/7 sustainable energy https://t.co/zlqJHLsAQq,elonmusk,366,44373
2022-09-28 19:47:18+00:00,1575210561964384258,"@Teslarati @KlenderJoey How ironic, that‚Äôs what Henrik Fisker did to Tesla in 2007! Karma is a ‚Ä¶",elonmusk,37,5280
2022-09-22 17:39:58+00:00,1573004188791066627,@ajtourville @Twitter @paraga Yup (sigh),elonmusk,42,14023
2022-09-21 16:13:42+00:00,1572620091396878338,@teslaownersSV @Teslarati Maybe little electric Tesla boats with a retro-futuristic Victorian design,elonmusk,80,4894
2022-09-21 03:05:09+00:00,1572421645868105730,@teslaownersSV @chicago_glenn @Twitter Seems that way @Twitter @paraga,elonmusk,25,2575
2022-09-21 02:58:45+00:00,1572420037834690560,@chicago_glenn .@Twitter what‚Äôs going on?,elonmusk,18,1458
2022-09-21 01:26:11+00:00,1572396742267609090,@ajtourville @parag @Twitter Curiouser and curiouser ‚Ä¶,elonmusk,44,9885
2022-09-15 15:55:27+00:00,1570441171431985152,@GailAlfarATX @Tesla @aelluswamy Beta expanding to safety scores above 80 after 10.69.2.1 goes out,elonmusk,142,5227
2022-09-15 15:50:07+00:00,1570439829732851713,"@GailAlfarATX @Tesla @aelluswamy 10.69.2.1 coming out in a few days with additional polish, 10.69.3 comes out shortly after AI Day",elonmusk,102,13407
2022-09-13 19:32:33+00:00,1569771032092856328,@prasad_s7 @JGrupe @Tesla @SawyerMerritt @DirtyTesLa Fair point,elonmusk,9,1747
2022-09-13 18:07:16+00:00,1569749569377812480,"Please fix @twitter, @verified, @paraga",elonmusk,177,34162
2022-09-13 17:45:44+00:00,1569744148881866758,Anyone know who the secret clients are? Let‚Äôs out them on Twitter rn haha.,elonmusk,107,19568
2022-09-13 16:56:48+00:00,1569731835239735296,@JGrupe @Tesla @SawyerMerritt @DirtyTesLa True,elonmusk,21,10560
2022-09-12 05:44:11+00:00,1569200178254454785,@teslaownersSV @cb_doge @Tesla @mayemusk I guess we could make Joe mode quieter,elonmusk,34,3740
2022-09-12 05:43:02+00:00,1569199888885219330,"@cb_doge @Tesla @mayemusk Still doing same thing, but bigger",elonmusk,110,58209
2022-09-12 04:19:57+00:00,1569178980703502337,Looks good to roll out to all Tesla owners with 10.12.2 (~100k cars)!,elonmusk,145,21198
2022-09-12 03:25:03+00:00,1569165163093282816,@Tesla__Mania @WholeMarsBlog That is probably the right order of magnitude,elonmusk,22,1954
2022-09-09 22:29:06+00:00,1568365909806387201,"@TeslaGong Absolutely, the Tesla fleet in Australia is growing rapidly, so we do need to ramp up service in general",elonmusk,15,2648
2022-09-09 22:22:27+00:00,1568364238451740674,Tesla North America aiming for &gt;50% same hour service,elonmusk,160,39345
2022-09-08 20:39:08+00:00,1567975849110171650,@Tesla I love the graffiti art at Giga Berlin!,elonmusk,63,21162
2022-09-08 17:36:17+00:00,1567929834562625540,"@austinhinson_ @Tesla Note, I am putting a lot of time personally into advancing Tesla service to make it awesome. Hopefully, this is starting to be felt by Tesla owners.",elonmusk,96,12783
2022-09-08 16:40:35+00:00,1567915815273365509,"@austinhinson_ You‚Äôre right, we should credit Tesla owners $100 if we change appointments with less than 24 hours notice. Should be reciprocal. @Tesla",elonmusk,269,79914
2022-09-08 09:24:26+00:00,1567806055463149568,@teslaownersSV Lot of people still don‚Äôt realize Tesla makes uninterruptible power supplies for your whole home (Powerwall),elonmusk,66,5877
2022-09-08 08:20:13+00:00,1567789895669747712,@ev_australia @Tesla @SawyerMerritt @EvaFoxU @miku919191 @tesla_adri @PPathole @TeslaHype @TeslaDiva99 @teslaownersau @techAU We have since improved it further,elonmusk,44,7194
2022-09-06 16:54:59+00:00,1567194664008024071,"@garyblack00 If Twitter put as much effort into bot/spam removal as they do into subpoenas, we wouldn‚Äôt have this problem in the first place!",elonmusk,99,10301
2022-09-06 00:44:39+00:00,1566950472015028225,"@SawyerMerritt @Tesla For now, supply is too low, but ordering a Powerwall by itself should be possible end of year",elonmusk,63,5610
2022-09-05 23:50:46+00:00,1566936909980614662,Order a Tesla Powerwall battery for blackout protection! https://t.co/tEE4LDBD78,elonmusk,759,47106
2022-08-21 19:02:05+00:00,1561428443484536835,@chazman @aelluswamy Just wanted to emphasize again that our awesome Tesla software/AI team is who really deserves the credit. The talent level at Tesla is incredible.,elonmusk,97,23586
2022-08-21 14:41:54+00:00,1561362967945531395,"Note, you can upgrade your existing car to FSD in 2 mins via the Tesla app",elonmusk,125,25247
2022-08-21 14:34:21+00:00,1561361064163516417,"FSD Beta 10.69 started rolling out to Tesla owners last night. This build is a big step forward!

10.69.1 probably end of week with wider release.

1069.2 in a few weeks should be good enough to provide to all FSD Beta participants.",elonmusk,177,24076
2022-08-21 12:41:06+00:00,1561332565960806400,"@BLKMDL3 @Tesla Tesla Autopilot/AI team did great work with 10.69! Some point releases needed for polish, so 10.69.2 should really shine.",elonmusk,69,14394
2022-08-21 01:05:41+00:00,1561157556369768448,@Teslarati @Tesla @WholeMarsBlog @JohnnaCrider1 ü§î,elonmusk,48,10445
2022-08-21 01:04:46+00:00,1561157326291222536,@aelluswamy Worth hearing about Tesla Autopilot software/AI progress,elonmusk,40,9771
2022-08-19 05:46:00+00:00,1560503326105649153,"@teslaownersSV @CChomp13 There are many major code changes, so this will be an extra cautious rollout.

Releasing on 8/20 to ~1000 Tesla owners, then 10.69.1 next week to accommodate feedback &amp; release to ~10k customers, then 10.69.2 week after &amp; release to rest of FSD Beta.",elonmusk,106,4503
2022-08-18 20:19:01+00:00,1560360640044228609,@Andst7 Those are the questions that Twitter is doing everything possible to avoid answering ‚Ä¶,elonmusk,33,3033
2022-08-17 04:34:45+00:00,1559760618537848832,"@teslaownersSV No, this is a long-running joke on Twitter. I‚Äôm not buying any sports teams.",elonmusk,7175,107675
2022-08-15 23:33:24+00:00,1559322397043474446,@teslaownersSV Yes. Tesla Autopilot/AI team is doing amazing work! 10.69 will be worth its name.,elonmusk,120,21169
2022-08-13 18:32:08+00:00,1558521803760451585,@nichegamer @Twitter ü§£,elonmusk,12,2212
2022-08-13 04:26:20+00:00,1558308952798019585,Ahem @twitter https://t.co/LCDpOeIei5,elonmusk,191,30393
2022-08-11 04:20:08+00:00,1557582615103913986,@PPathole @guardian Because Tesla doesn‚Äôt advertise and other car companies do,elonmusk,50,6381
2022-08-10 05:25:19+00:00,1557236629412007937,"Tesla 500 mile range Semi Truck starts shipping this year, Cybertruck next year",elonmusk,572,47895
2022-08-10 02:53:29+00:00,1557198421206769664,"@SawyerMerritt Yes. 

In the (hopefully unlikely) event that Twitter forces this deal to close *and* some equity partners don‚Äôt come through, it is important to avoid an emergency sale of Tesla stock.",elonmusk,417,8027
2022-08-09 20:34:56+00:00,1557103156286238720,@WholeMarsBlog Tesla Fremont team is kicking a**!,elonmusk,85,26650
2022-08-07 22:27:22+00:00,1556406673186643976,@ajtourville @Twitter ü§£,elonmusk,35,28765
2022-08-07 18:36:25+00:00,1556348552682430466,Twitter has spoken ‚Ä¶,elonmusk,216,54695
2022-08-06 20:58:02+00:00,1556021804283592705,"@truth_tesla @brettlindquist @garyblack00 Yeah, not cool",elonmusk,25,3680
2022-08-06 16:18:59+00:00,1555951580339372032,Less than 5% of Twitter daily users are fake/spam,elonmusk,1022,66970
2022-08-06 16:15:29+00:00,1555950698252181507,"@Andst7 I hereby challenge @paraga to a public debate about the Twitter bot percentage. 

Let him prove to the public that Twitter has &lt;5% fake or spam daily users!",elonmusk,1127,26155
2022-08-06 07:50:16+00:00,1555823555161604099,"@Andst7 Good summary of the problem. 

If Twitter simply provides their method of sampling 100 accounts and how they‚Äôre confirmed to be real, the deal should proceed on original terms.

However, if it turns out that their SEC filings are materially false, then it should not.",elonmusk,165,7025
2022-08-04 15:49:09+00:00,1555219295973539842,"@mySA Not true. Tesla is 5 mins from Austin International airport. Would be silly to build another private airport, however the existing commercial airport needs another runway, as Austin is growing fast!",elonmusk,163,41948
2022-08-02 23:52:48+00:00,1554616237174431750,@Teslarati @YahooFinance @PeteButtigieg @Tesla @JohnnaCrider1 Cool,elonmusk,55,14250
2022-08-01 06:24:54+00:00,1553990132662927362,@teslaownersSV @BillyM2k @WholeMarsBlog Maybe Twitter can become that,elonmusk,42,4433
2022-07-30 14:01:33+00:00,1553380278407675905,Tesla + Twitter -&gt; Twizzler,elonmusk,3623,268484
2022-07-30 13:51:37+00:00,1553377779810459648,Interaction with almost all twitter accounts seem to be much lower in recent weeks &amp; days. Accurate?,elonmusk,1688,135791
2022-07-30 01:46:25+00:00,1553195274264354816,Try voice command ‚Äúopen butthole‚Äù on your Tesla,elonmusk,2506,159181
2022-07-29 00:31:32+00:00,1552814045354409985,More Tesla commodity prices are trending down than up fwiw,elonmusk,255,51333
2022-07-29 00:22:53+00:00,1552811868368109569,@FutureJurvetson @Tesla @gjurvetson Thanks for your support over the years,elonmusk,33,9387
2022-07-25 13:01:20+00:00,1551553184350584833,@GailAlfarATX @TeslaSolar @Tesla @douglewinenergy @DimaZeniuk @EvaFoxU @DirtyTesLa @WholeMarsBlog @Kristennetten @BrosForDecarb Good article,elonmusk,49,11315
2022-07-25 02:24:00+00:00,1551392795545333760,"@heydave7 @WholeMarsBlog @WSJ WSJ has run so many bs hit pieces on me and Tesla I‚Äôve lost count! It‚Äôs embarrassing for them, frankly.

They once wrote an article saying FBI was about to arrest me, so I called FBI to ask what‚Äôs up and they said WSJ article was total bs.

Just more shortseller fud.",elonmusk,315,26018
2022-07-24 01:17:49+00:00,1551013753700753409,@ajtourville @ICannot_Enough @Twitter Odd,elonmusk,19,1883
2022-07-23 12:12:22+00:00,1550816088300179459,Excited to work with Tesla Service to enable same-hour service as often as possible! Applying Formula 1 pit crew techniques to Teslas.,elonmusk,819,107029
2022-07-21 20:50:26+00:00,1550221684766121984,@heydave7 @Tesla True,elonmusk,44,5860
2022-07-21 08:01:29+00:00,1550028175060733952,@ajtourville @Twitter üßê,elonmusk,44,27660
2022-07-19 15:59:19+00:00,1549423649463181312,"To think that Fremont was just a derelict building &amp; Giga Nevada was just rocks &amp; bushes when started!

California used to have a dozen car factories. NUMMI was last to close. Now, Tesla Fremont is the biggest car factory in North America!",elonmusk,179,38770
2022-07-19 15:55:22+00:00,1549422655656275968,Congrats to Tesla Fremont + Giga Nevada for making their 2 millionth car!,elonmusk,408,111234
2022-07-19 07:00:38+00:00,1549288086944845825,Please vote your shares with Tesla!,elonmusk,241,34023
2022-07-15 23:21:10+00:00,1548085294188019717,@teslaownersSV @Tesla We‚Äôre making progress with Steam integration. Demo probably next month.,elonmusk,336,28038
2022-07-15 12:55:42+00:00,1547927887734456322,"Tesla is to protect life on Earth,
SpaceX to extend life beyond.",elonmusk,3468,226915
2022-07-13 21:30:40+00:00,1547332709025861632,@karpathy Thanks for everything you have done for Tesla! It has been an honor working with you.,elonmusk,74,27552
2022-07-13 19:50:28+00:00,1547307493222596609,@ajtourville @Twitter üßê,elonmusk,41,12985
2022-07-12 20:39:55+00:00,1546957550670815234,@ajtourville @Tesla No problem to recycle the 4680 pack. Just think of any battery pack as super high grade ore ‚Äì it is always better to start with high grade ore than low grade!,elonmusk,91,11944
2022-07-12 01:23:04+00:00,1546666417759653888,"Tesla‚Äôs automatic cabin overheat protection should make a real difference with record heatwaves.

Ability to adjust activation temperature coming with next software release.",elonmusk,568,79071
2022-07-11 15:34:57+00:00,1546518415183159296,@GailAlfarATX @Tesla @teslacn @TeslaOwnersEBay @blueskykites @Kristennetten @JenniCurrent @daelmor @IheartTesla @EvrybodynthrMom Children are essential to the future,elonmusk,312,23382
2022-07-07 22:02:54+00:00,1545166492408328193,Super fired up for future product development with our awesome Tesla team! Such an honor to work with them.,elonmusk,1039,136938
2022-07-07 17:56:16+00:00,1545104424913207296,"@EvaFoxU @BillyM2k @tesla_adri Pretty much. A van would have more roof height, so you could stand or sit under it for shade.",elonmusk,39,5061
2022-07-07 14:26:00+00:00,1545051509020192768,Maybe Tesla should make a highly configurable Robovan for people &amp; cargo?,elonmusk,1360,119978
2022-07-06 16:25:17+00:00,1544719143387238403,@AlexBerenson @Twitter Can you say more about this: ‚Äú‚Ä¶ pressures that the government may have placed on Twitter ‚Ä¶‚Äù,elonmusk,355,37002
2022-06-21 17:02:15+00:00,1539292625433501702,@business Twitter me &amp; real-life me are quite different haha! https://t.co/zedimZrthW,elonmusk,824,143468
2022-06-21 16:58:57+00:00,1539291794436915200,@BloombergLive @Twitter The vote of confidence is much appreciated,elonmusk,105,40006
2022-06-18 17:15:21+00:00,1538208757905297409,To answer the question: Why Twitter?,elonmusk,426,45988
2022-06-18 10:18:48+00:00,1538103933201260544,"@BillyM2k Tesla and SpaceX merch, maybe more down the road",elonmusk,113,18080
2022-06-18 02:56:18+00:00,1537992573024755716,"@blueskykites @Tesla @SpaceX @mayemusk @WholeMarsBlog @28delayslater @JohnnaCrider1 @Kristennetten @SirineAti @GailAlfarATX @DimaZeniuk @bevedoni @RationalEtienne @ashleevance @adamhoov @klwtts @RenataKonkoly For a couple of months, but, yeah, that looks like the place. Does Mark still live there?",elonmusk,21,5646
2022-06-16 20:08:50+00:00,1537527642013966338,@sourpatchlyds @Twitter Exactly,elonmusk,88,33544
2022-06-15 14:33:22+00:00,1537080831751102467,"@teslaownersSV Buyers of competing electric cars receive a $7500 tax credit, but Tesla does not",elonmusk,520,38777
2022-06-14 22:33:34+00:00,1536839288549015552,@fchollet You obviously haven‚Äôt tried Tesla FSD,elonmusk,50,10124
2022-06-14 16:21:26+00:00,1536745640436420610,@SawyerMerritt The Tesla tech tree is insane,elonmusk,53,9602
2022-06-14 03:45:21+00:00,1536555363453095937,@stillgray @libsoftiktok @Twitter A platform cannot be considered inclusive or fair if it is biased against half the country,elonmusk,629,58959
2022-06-14 02:10:48+00:00,1536531570613334016,@libsoftiktok Why? @Twitter,elonmusk,594,85560
2022-06-13 16:51:19+00:00,1536390773872148484,@lexfridman @Twitter üíØ,elonmusk,64,36629
2022-06-13 06:44:18+00:00,1536238009988816896,@BLKMDL3 @Tesla Nice!,elonmusk,44,24354
2022-06-12 20:16:53+00:00,1536080117021155328,@teslaownersSV @Tesla Yes,elonmusk,68,20350
2022-06-12 20:14:22+00:00,1536079484910198786,"@truth_tesla @ID_AA_Carmack Weird, I wonder why this is happening",elonmusk,17,2307
2022-06-11 23:00:37+00:00,1535758935168364544,@georgegalloway @Twitter I think it‚Äôs kinda funny ü§£,elonmusk,93,20597
2022-06-11 02:44:54+00:00,1535452990693416960,"@JayinShanghai @Tesla Probability of injury, according to US government
 https://t.co/EwLFlC7LZT",elonmusk,115,17636
2022-06-10 04:43:56+00:00,1535120557947092993,@mn_google @georgegalloway @Twitter @verified Noooo!,elonmusk,15,2342
2022-06-10 04:41:12+00:00,1535119868751659008,@georgegalloway @Twitter @verified –ø—Ä–æ—Å—Ç–∏ —Ç–æ–≤–∞—Ä–∏—â,elonmusk,226,8409
2022-06-10 04:37:22+00:00,1535118903906549762,@teslaownersSV @Tesla We‚Äôre going deep on roundabouts! Should get noticeably better with 10.13.,elonmusk,75,23171
2022-06-09 16:38:50+00:00,1534938078279880706,@RobHerring @OANN Only Twitter,elonmusk,327,54961
2022-06-09 16:24:37+00:00,1534934502614638593,@kchau @Tesla @WholeMarsBlog @SawyerMerritt Glad they‚Äôre ok,elonmusk,43,21435
2022-06-08 02:34:58+00:00,1534363323348705283,"@jeremychrysler @Tesla We will look into this &amp; adjust. In general, I‚Äôd recommend against using recirc, as the range advantage is small.",elonmusk,30,4100
2022-06-07 15:37:10+00:00,1534197785460740098,"@OwenSparks_ Yeah, exactly. Also, other companies are using the Tesla name for solar and Powerwall. Will put a stop to that.",elonmusk,92,25974
2022-06-04 20:05:13+00:00,1533178078683357189,"Working on Tesla North American service. 

Goal is 2/3 of cars receive same-day service, no wait.",elonmusk,488,82568
2022-06-03 14:01:16+00:00,1532724097033052160,"@VW @Tesla Thanks, and also well done to you for advancing electric vehicles!",elonmusk,17,6131
2022-06-03 00:59:42+00:00,1532527411484626944,@EvaFoxU Tesla AI Day #2 will be epic,elonmusk,58,8822
2022-06-03 00:52:57+00:00,1532525711763841043,"Tesla AI Day pushed to Sept 30, as we may have an Optimus prototype working by then",elonmusk,1377,125740
2022-06-02 16:45:43+00:00,1532403096680288256,"@abledoc @scottfarkas @Tesla @JoeJustice Everyone eats same food, uses same restrooms, etc ‚Äì no executive chef or other ivory tower stuff. 

There shouldn‚Äôt be this workers vs management two-class system. Everyone is a worker.",elonmusk,567,19050
2022-06-02 03:01:05+00:00,1532195571519430656,"@JeffTutorials We‚Äôre using more GPTs, as they now run natively on Tesla TRIP chip vs needing to round trip to iGPU",elonmusk,43,14912
2022-06-01 18:02:54+00:00,1532060134197047296,@justwidle2 @Tesla As I said in 2018 ‚Ä¶,elonmusk,50,5477
2022-06-01 15:58:28+00:00,1532028817157591041,"Tesla scores 100/100 for 7th year in a row for LGBTQ equality
 https://t.co/9wvCbgrtUE",elonmusk,809,63638
2022-05-31 14:15:34+00:00,1531640532350513155,"@Andst7 @PPathole @HamblinZeke @DrKnowItAll16 @stevenmarkryan @paraga Maybe if they do the opposite, Twitter will be a much better experience ‚Äì just an idea",elonmusk,17,3162
2022-05-31 13:45:11+00:00,1531632887866576904,"@PinballReed @crikey_news @ummjackson @cameronwilson My kids wrote better code when they were 12 than the nonsense script Jackson sent me. 

Like I said, if it‚Äôs so great, he should share it with the world and make everyone‚Äôs experience with Twitter better. If he does, you will see what I mean.

Jackson Palmer is a tool.",elonmusk,143,7216
2022-05-31 04:48:26+00:00,1531497809421139973,"@PPathole @Gfilche @MadeInTheUSANJ True. Tesla was attacked by Romney in 2 of 3 presidential debates. Those lines were fed to him by a particular individual in the oil &amp; gas industry.

The Dems turned negative over the past ~12 months. At least part of it is Mackenzie‚Äôs donation to PACs posing as charities.",elonmusk,46,4545
2022-05-31 04:24:40+00:00,1531491830239531009,"@Gfilche @MadeInTheUSANJ I‚Äôm just talking about the mid-term elections in November. Not sure that there is a third party candidate.

It‚Äôs rather hard to support a party when prominent members of that party keep attacking me and sidelining Tesla &amp; SpaceX!",elonmusk,48,5686
2022-05-31 00:39:55+00:00,1531435270960201728,"@hiromichimizuno Tesla doesn‚Äôt advertise, the others do. They are ‚Ä¶ hesitant to bite the hand that feeds them.",elonmusk,79,17802
2022-05-30 19:10:36+00:00,1531352393673318401,Tesla Plaid S cruising around Austin with volume at 11 is sublime,elonmusk,422,91491
2022-05-30 16:14:04+00:00,1531307969308237824,"@truth_tesla @MadeInTheUSANJ Yeah, the public has no idea how much Tesla and SpaceX have been attacked/undermined, because we aren‚Äôt unionized (yet offer highest pay in industry!) and this administration would rather a company be dead than not unionized",elonmusk,162,10911
2022-05-30 15:33:42+00:00,1531297810758389760,"@MadeInTheUSANJ I support free speech, but not any one candidate. In fact, I gave money to &amp; voted for Hillary &amp; then voted for Biden.

However, given unprovoked attacks by leading Democrats against me &amp; a very cold shoulder to Tesla &amp; SpaceX, I intend to vote Republican in November.",elonmusk,724,24364
2022-05-29 23:48:30+00:00,1531059942769270784,"@RationalEtienne @EvaFoxU @teslaownersSV Thanks ‚ù§Ô∏è‚ù§Ô∏è

I switched back to chronological Twitter, so now I see you.",elonmusk,21,3565
2022-05-29 13:34:47+00:00,1530905494839341056,"@jonastsla @jamesdouma @heydave7 @karpathy @WholeMarsBlog Our video clips are usually shorter than 30 seconds, but the overall point made by James is accurate. 

Tesla is probably labeling more images per week than any other project ever done and our rate of labeling is increasing rapidly.",elonmusk,67,10025
2022-05-28 21:56:44+00:00,1530669425153687553,"@ajtourville @Twitter Totally, these are very bot-friendly rules!",elonmusk,78,30336
2022-05-28 00:37:55+00:00,1530347600729210880,@EvaFoxU Long-term potential of Tesla is high,elonmusk,158,20614
2022-05-28 00:29:55+00:00,1530345590210678784,"@GigaS3XY @ACTBrigitte It was $500M, but then Tesla went up a lot, so now it‚Äôs $1.5B to $2B to close it out",elonmusk,143,7146
2022-05-28 00:13:54+00:00,1530341556443664387,"@ACTBrigitte Since Gates still has a multi-billion dollar short position against Tesla while claiming to help with global warming, I guess I have some trust issues with him too",elonmusk,376,38532
2022-05-27 22:03:30+00:00,1530308741530124289,@IheartTesla @Tesla V true,elonmusk,6,1856
2022-05-27 15:27:21+00:00,1530209049261658112,"Tesla merch can be bought with Doge, soon SpaceX merch too",elonmusk,2808,198020
2022-05-27 01:31:28+00:00,1529998689602662400,@JacobB1290H Will discuss this and other improvements with Tesla audio engineering. The new Model S and X sound system is incredible.,elonmusk,47,11085
2022-05-27 01:22:59+00:00,1529996557289893888,"Ya know, it‚Äôs pretty damn great to be able to talk to people from all walks of life and many countries on Twitter!

So much to be learned, even from the harshest critics. 

Basically ‚Ä¶ I‚Äôm just saying I love all you crazy people ‚ô•Ô∏è‚ô•Ô∏è",elonmusk,2571,323516
2022-05-27 00:19:26+00:00,1529980564811534341,"@S3XYstarship @IWill_Travel @AOC This would be a super bad idea, since stocks can swing wildly from one day to the next, eg Snapchat dropping 43%. Tesla is ~40% below ATH!

However, eliminating estate tax dodges like GRATs would be good, since probability of kids being effective stewards of capital is lower.",elonmusk,13,3071
2022-05-26 19:18:00+00:00,1529904706247598080,@JayinShanghai I have so much respect for the Tesla Shanghai team,elonmusk,42,5519
2022-05-26 17:02:12+00:00,1529870528688930818,(Of Twitter),elonmusk,141,79814
2022-05-26 06:59:54+00:00,1529718955513880576,"@JaneidyEve @stevenmarkryan If I were to own Twitter, it would be geared towards the middle 80% of the population, so technically the far left and far right would probably be dissatisfied",elonmusk,198,12076
2022-05-26 01:59:59+00:00,1529643477708972037,"@stevenmarkryan If Twitter was not truthful here, what else is not true? This is very concerning news.",elonmusk,119,11404
2022-05-25 17:37:55+00:00,1529517129510289410,"@WholeMarsBlog Indeed I did. 

However, I also think that Tesla has the potential to be the most valuable company ever. 

When Tesla‚Äôs market cap, making sustainable energy products, exceeds that of Aramco, producing fossil fuels, you know the future will be good for Earth.",elonmusk,239,12262
2022-05-22 22:53:43+00:00,1528509438654525440,"@PPathole Haha I don‚Äôt even have a burner twitter account! I do have a cheesy secret Instagram account, so I can click on links that friends send me.",elonmusk,298,70950
2022-05-21 23:38:35+00:00,1528158344585674753,"@micarrdc It‚Äôs accurate to say that incentives were an accelerant to EV adoption, but we started Tesla when there were no incentives &amp; gasoline was $2/gallon even in California.

Tesla currently has a tax credit *disadvantage*, because the $7500 tax credit stopped applying to us years ago.",elonmusk,11,1276
2022-05-21 21:23:47+00:00,1528124417716457474,"@micarrdc It is accurate to say that incentives were an accelerant to EV adoption, but we started Tesla when there were no incentives &amp; gasoline was $2/gallon in California.

Tesla currently has a tax credit *disadvantage*, because the $7500 tax credit stopped applying to us years ago.",elonmusk,47,6552
2022-05-21 14:31:29+00:00,1528020660911493132,"@WholeMarsBlog I‚Äôm worried that Twitter has a disincentive to reduce spam, as it reduces perceived daily users",elonmusk,153,32946
2022-05-21 07:14:19+00:00,1527910643843706880,"@JaneidyEve @TheCryptoDaddi @Block0nex @Jim_Jordan True, owning Twitter probably won‚Äôt increase my life expectancy haha",elonmusk,94,10401
2022-05-20 22:46:41+00:00,1527782895070367744,@d2dev_ @Andst7 @Twitter They will,elonmusk,36,7555
2022-05-20 20:28:56+00:00,1527748229470646272,"Tesla is building a hardcore litigation department where we directly initiate &amp; execute lawsuits. The team will report directly to me. 

Please send 3 to 5 bullet points describing evidence of exceptional ability.

justice@tesla.com",elonmusk,8020,212810
2022-05-20 20:06:18+00:00,1527742530925764608,@bpcostello @truth_tesla @veespike @HillaryClinton @Twitter !!,elonmusk,34,4807
2022-05-20 20:03:02+00:00,1527741709467131905,"@truth_tesla @veespike @HillaryClinton @Twitter Whether other senior campaign managers were aware or not is a separate question.

What is *not* in question is that Sussmann charged the Clinton Campaign for his Russia hoax meeting with the FBI.

Source document:
https://t.co/61C8L9isIU",elonmusk,114,5661
2022-05-20 19:25:19+00:00,1527732218138972161,"@truth_tesla @veespike @HillaryClinton @Twitter ??

Sussmann himself admitted billing Clinton Campaign to pay for him to present Russia hoax to FBI! This is not even questioned by the defense.

Btw, I donated to &amp; voted for Hillary, so am doubly pissed off about those funds being used for lying.

https://t.co/PtFgYzpXQN",elonmusk,302,14380
2022-05-20 18:52:57+00:00,1527724072054018049,@WhatsupFranks @veespike @HillaryClinton @Twitter Doesn‚Äôt exactly scream ‚Äútrustworthy‚Äù,elonmusk,18,5335
2022-05-20 18:45:12+00:00,1527722122101108737,"@veespike @HillaryClinton @Twitter .@paraga and @vijaya, what say you?",elonmusk,327,15235
2022-05-20 18:39:31+00:00,1527720691264520192,@veespike @HillaryClinton @Twitter You are absolutely correct. That tweet is a Clinton campaign hoax for which their campaign lawyer is undergoing a criminal trial. https://t.co/avtjEdthmA,elonmusk,912,36431
2022-05-20 12:43:51+00:00,1527631187635687425,"@jonfavs Hi Jon! You‚Äôre a good dude, but obv die-hard Dem, so have to support the party, but this Adminstration has done everything it can to sideline &amp; ignore Tesla, even though we have made twice as many EVs as rest of US industry combined.",elonmusk,234,23380
2022-05-20 12:37:56+00:00,1527629698267615232,"@catturd2 They began brewing attacks of all kinds as soon as the Twitter acquisition was announced.

In my 30 year career, including the entire MeToo era, there‚Äôs nothing to report, but, as soon as I say I intend to restore free speech to Twitter &amp; vote Republican, suddenly there is ‚Ä¶",elonmusk,1504,103044
2022-05-20 05:19:22+00:00,1527519328245059592,"@teslaownersSV @JohnnaCrider1 @TaraBull808 No, it was clear that their only goal was a hit price to interfere with the Twitter acquisition. The story was written before they even talked to me.",elonmusk,105,13718
2022-05-19 22:36:49+00:00,1527418023069503511,"To be clear, I‚Äôm spending &lt;5% (but actually) of my time on the Twitter acquisition. It ain‚Äôt rocket science!

Yesterday was Giga Texas, today is Starbase. Tesla is on my mind 24/7.

So may seem like below, but not true. https://t.co/CXfWiLD2f8",elonmusk,2109,248235
2022-05-18 16:23:46+00:00,1526961753619369987,Despite Tesla doing more for the environment than any company ever! https://t.co/ImxrhnRepj,elonmusk,2950,236545
2022-05-18 16:14:08+00:00,1526959328795697154,@facts_tesla @AssaadRazzouk @zshahan3 @JohnnaCrider1 @EvaFoxU Insane,elonmusk,49,16177
2022-05-18 16:09:17+00:00,1526958110023245829,"Exxon is rated top ten best in world for environment, social &amp; governance (ESG) by S&amp;P 500, while Tesla didn‚Äôt make the list!

ESG is a scam. It has been weaponized by phony social justice warriors.",elonmusk,5000,301214
2022-05-18 08:00:05+00:00,1526835000259117056,@garyblack00 Or 14 times higher than Twitter‚Äôs 5% in my case ü§®,elonmusk,51,12232
2022-05-18 06:34:09+00:00,1526813371030446082,"@MmeAlexandraS @MoodysInvSvc @SPGlobalRatings @ICannot_Enough @RonMadison11 @garyblack00 Tesla doesn‚Äôt need debt, so the rating doesn‚Äôt impact us, but it is silly",elonmusk,52,15477
2022-05-18 00:41:34+00:00,1526724641976352769,@bennyjohnson Twitter exec trashing free speech &amp; mocking people with Asperger‚Äôs ‚Ä¶,elonmusk,2343,123088
2022-05-18 00:26:37+00:00,1526720878276403200,@bennyjohnson @Twitter üòî,elonmusk,530,82791
2022-05-17 22:09:57+00:00,1526686487202254848,"@intelligent_eat Yes, the purpose of AI Day is to convince great AI/software/chip talent to join Tesla",elonmusk,44,7765
2022-05-17 22:05:46+00:00,1526685434910212102,Tesla AI Day #2 on Aug 19. So many cool updates!,elonmusk,831,137878
2022-05-17 07:35:28+00:00,1526466413824720896,@Andst7 @paraga Seems like Twitter should welcome external validation if their claims are true,elonmusk,180,18043
2022-05-17 07:32:19+00:00,1526465624326782976,"@Teslarati 20% fake/spam accounts, while 4 times what Twitter claims, could be *much* higher.

My offer was based on Twitter‚Äôs SEC filings being accurate.

Yesterday, Twitter‚Äôs CEO publicly refused to show proof of &lt;5%.

This deal cannot move forward until he does.",elonmusk,3968,104739
2022-05-16 17:17:24+00:00,1526250477456965634,@paraga So how do advertisers know what they‚Äôre getting for their money? This is fundamental to the financial health of Twitter.,elonmusk,960,36049
2022-05-15 16:29:08+00:00,1525875940248764416,@TomFitton @netflix @Twitter @WSJ Good move by @netflix,elonmusk,211,102081
2022-05-15 06:44:57+00:00,1525728925577519105,"@MODL3PILOT @coffeetabletsla @PPathole @Twitter Yes, that would have a big impact!",elonmusk,23,3846
2022-05-15 06:41:51+00:00,1525728148079378432,"@coffeetabletsla @PPathole @Twitter With usernames like that, the bots aren‚Äôt even trying hard!",elonmusk,11,3419
2022-05-14 23:15:37+00:00,1525615849167589380,"@PPathole @Twitter Twitter legal just called to complain that I violated their NDA by revealing the bot check sample size is 100!

This actually happened.",elonmusk,1100,39784
2022-05-14 23:04:15+00:00,1525612988115320838,"Very important to fix your Twitter feed:

1. Tap home button.
2. Tap stars on upper right of screen.
3. Select ‚ÄúLatest tweets‚Äù.

You are being manipulated by the algorithm in ways you don‚Äôt realize.

Easy to switch back &amp; forth to see the difference.",elonmusk,14058,534571
2022-05-14 02:39:22+00:00,1525304736538312707,"@PPathole @Twitter Any sensible random sampling process is fine. If many people independently get similar results for % of fake/spam/duplicate accounts, that will be telling.

I picked 100 as the sample size number, because that is what Twitter uses to calculate &lt;5% fake/spam/duplicate.",elonmusk,250,13577
2022-05-14 02:11:18+00:00,1525297674789920768,@fintwit_news @Twitter I relied upon the accuracy of Twitter‚Äôs public filings,elonmusk,495,20713
2022-05-14 02:09:10+00:00,1525297137671540736,@stevenmarkryan @teslaownersSV @Twitter Interesting,elonmusk,21,5215
2022-05-14 02:01:09+00:00,1525295117489229824,"@teslaownersSV @Twitter If we collectively try to figure out the bot/duplicate user percentage, we can probably crowdsource a good answer",elonmusk,120,7269
2022-05-14 01:53:09+00:00,1525293103585718272,"@teslaownersSV @Twitter Ignore first 1000 followers, then pick every 10th. I‚Äôm open to better ideas.",elonmusk,373,10898
2022-05-14 01:50:50+00:00,1525292522091601920,@coffeetabletsla @Twitter Pick any account with a lot of followers,elonmusk,85,8634
2022-05-14 01:47:07+00:00,1525291586669531137,"To find out, my team will do a random sample of 100 followers of @twitter. 

I invite others to repeat the same process and see what they discover ‚Ä¶",elonmusk,2606,122214
2022-05-13 09:44:38+00:00,1525049369552048129,"Twitter deal temporarily on hold pending details supporting calculation that spam/fake accounts do indeed represent less than 5% of users
https://t.co/Y2t0QMuuyn",elonmusk,11396,229398
2022-05-13 08:25:03+00:00,1525029340815056897,"@Gfilche @Tesla It still needs more work imo, but we can probably widen the beta a little next month",elonmusk,35,8209
2022-05-13 00:45:42+00:00,1524913741820723213,@ScottAdamsSays @DawgGabriel But I do think that twitter should authenticate all real users and prioritize those replies above unauthenticated users,elonmusk,125,10498
2022-05-13 00:28:30+00:00,1524909413462573058,"@BillyM2k If Twitter can tell the difference between real and fake users, why does it allow these in our comments? https://t.co/0EuhTfaVfF",elonmusk,86,10873
2022-05-12 22:36:38+00:00,1524881263470993435,"Even though I think a less divisive candidate would be better in 2024, I still think Trump should be restored to Twitter",elonmusk,7469,576629
2022-05-10 16:06:33+00:00,1524058319698153474,@Tesmanian_com The Tesla China team is amazing,elonmusk,143,27796
2022-05-09 13:20:21+00:00,1523654106745020418,"@Cernovich Like I said, my preference is to hew close to the laws of countries in which Twitter operates. If the citizens want something banned, then pass a law to do so, otherwise it should be allowed.",elonmusk,1011,37107
2022-05-09 13:17:40+00:00,1523653429410770945,@Cernovich Twitter obv has a strong left wing bias,elonmusk,1561,72898
2022-05-07 21:05:01+00:00,1523046265097158656,"@SawyerMerritt Yes! Stop the outrageous false ESG assessments, where Tesla gets a bad grade, but an oil company can get a good grade. Total gaming of the system!",elonmusk,159,28654
2022-05-06 15:26:18+00:00,1522598637066358789,"@mayemusk This rumor originated from a parody account, but got picked up by real media &amp; twitter trends (sigh)",elonmusk,375,28881
2022-05-06 15:14:54+00:00,1522595770288906242,"If Twitter acquisition completes, company will be super focused on hardcore software engineering, design, infosec &amp; server hardware https://t.co/m2HseK0TXl",elonmusk,3632,382503
2022-05-03 23:19:37+00:00,1521630589710872576,"Twitter will always be free for casual users, but maybe a slight cost for commercial/government users",elonmusk,6611,408554
2022-05-03 17:13:36+00:00,1521538477061328901,"@squawksquare Also, as mentioned before, we will try to keep as many shareholders as legally possible in privately held Twitter!",elonmusk,54,14146
2022-05-03 16:59:52+00:00,1521535023022702592,"@teslaownersSV @28delayslater Tesla is now over 110k direct jobs and roughly 500k indirect, factoring in suppliers",elonmusk,94,12856
2022-05-03 16:14:07+00:00,1521523506512470018,@WholeMarsBlog There is so much potential with Twitter to be the most trusted &amp; broadly inclusive forum in the world!,elonmusk,377,68063
2022-05-03 14:29:15+00:00,1521497118854328320,@BillyM2k @CoinDesk @SECGov @jackschickler Or twitter,elonmusk,33,9120
2022-05-03 03:36:28+00:00,1521332839119310848,@catturd2 I saw you trending as twitter ceo ü§£,elonmusk,526,123314
2022-05-02 02:37:23+00:00,1520955581602934785,@pmarca Sell Shadow Crew merch to buy Twitter?,elonmusk,320,33204
2022-04-29 18:55:06+00:00,1520114467304099842,"@TeslaOwnersEBay @GailAlfarATX @Tesla @EvaFoxU @Proxima06_Aiai @DBurkland @lewins_ian @Lstad78 @1stMarsColonist @JosephVVallace @dubbleotrippleo No, I meant wide release to high safety score beta participants. Going to all beta participants is expected later this year.",elonmusk,53,4476
2022-04-29 12:50:33+00:00,1520022726035058689,@WholeMarsBlog The people of Twitter strongly agree that Twitter needs to be fixed,elonmusk,723,156035
2022-04-29 12:24:43+00:00,1520016227242065920,@TomFitton @Twitter This is messed up,elonmusk,549,131543
2022-04-29 12:14:27+00:00,1520013642359574528,"@Cbiggs90 @Tesla @Teslarati @JaneidyEve The car knows that something is there, just doesn‚Äôt know that they‚Äôre horses yet, but it will. Dogs, cats and many other animals will also be recognized.",elonmusk,258,78733
2022-04-29 01:25:23+00:00,1519850299757846530,@WholeMarsBlog No further TSLA sales planned after today,elonmusk,1018,42447
2022-04-28 01:53:50+00:00,1519495072802390016,Let‚Äôs make Twitter maximum fun!,elonmusk,36698,2635470
2022-04-28 00:13:47+00:00,1519469891455234048,"Twitter DMs should have end to end encryption like Signal, so no one can spy on or hack your messages",elonmusk,17737,1457384
2022-04-27 21:25:50+00:00,1519427628138217473,@dickc What are talking about? I‚Äôm just saying Twitter needs to be politically neutral.,elonmusk,1207,205747
2022-04-27 20:38:20+00:00,1519415674111672325,"For Twitter to deserve public trust, it must be politically neutral, which effectively means upsetting the far right and the far left equally",elonmusk,29857,1543713
2022-04-27 18:44:54+00:00,1519387127078920192,"@Erdayastronaut @RubinReport @nytimes @Forbes @SocialBlade Almost every media outlet on Earth wrote about me acquiring Twitter, causing a massive influx of new users",elonmusk,241,28855
2022-04-27 17:11:41+00:00,1519363666377908225,Truth Social (terrible name) exists because Twitter censored free speech,elonmusk,4796,486062
2022-04-27 05:01:00+00:00,1519179787163652099,Truth Social is currently beating Twitter &amp; TikTok on the Apple Store https://t.co/RxawVUAYKH,elonmusk,8550,603509
2022-04-26 21:56:41+00:00,1519073003933515776,@esaagar Suspending the Twitter account of a major news organization for publishing a truthful story was obviously incredibly inappropriate,elonmusk,4212,376995
2022-04-25 16:12:30+00:00,1518623997054918657,"I hope that even my worst critics remain on Twitter, because that is what free speech means",elonmusk,71500,3214467
2022-04-25 13:33:50+00:00,1518584068555919360,@PPathole @Tesla @SpaceX @neuralink @boringcompany I do love humanity,elonmusk,1137,208695
2022-04-25 12:22:23+00:00,1518566089264963586,"@WholeMarsBlog The head of Saudi PIF committed unequivocally to take Tesla private with me, as witnessed by the Tesla CFO and several others. That is why I said funding was secured.",elonmusk,290,24006
2022-04-24 14:25:01+00:00,1518234561150427141,(from making fun of Gates for shorting Tesla while claiming to support climate change action),elonmusk,1926,387859
2022-04-23 04:23:53+00:00,1517720893346271232,@Teslarati Tesla China is doing incredible work,elonmusk,119,20237
2022-04-23 03:12:44+00:00,1517702987359133696,"@WholeMarsBlog Yeah, but I didn‚Äôt leak it to NYT. They must have got it through friends of friends. 

I heard from multiple people at TED that Gates still had half billion short against Tesla, which is why I asked him, so it‚Äôs not exactly top secret.",elonmusk,1412,56046
2022-04-21 19:12:23+00:00,1517219715520901121,@APompliano Tesla is really a dozen or more startups if you look at all the things created from scratch that aren‚Äôt present in other car companies,elonmusk,156,52415
2022-04-21 18:53:55+00:00,1517215066550116354,"If our twitter bid succeeds, we will defeat the spam bots or die trying!",elonmusk,13091,862943
2022-04-21 18:50:52+00:00,1517214299923652609,"Such a joy to work with amazingly talented people at SpaceX, Tesla, Neuralink &amp; Boring Co!",elonmusk,1026,282034
2022-04-21 18:43:45+00:00,1517212509882695680,"@SamTwits My true moral error was creating Tesla &amp; SpaceX at same time, while avoiding general mgmt chores at Tesla (focusing only on product &amp; engineering). Tried to have my cake &amp; eat it too, which failed.",elonmusk,35,5541
2022-04-21 09:33:36+00:00,1517074058482958336,@teslaownersSV @DimaZeniuk @billhuang688 @woonomic @VaibhavSisinty Maybe JB would be up for that too. He deserves a lot of credit (as do many longtime Tesla people).,elonmusk,35,5515
2022-04-21 09:29:59+00:00,1517073148075810816,@Tesla__Mania @woonomic @VaibhavSisinty Yes,elonmusk,10,1820
2022-04-21 08:49:51+00:00,1517063049949192192,"@DimaZeniuk @billhuang688 @woonomic @VaibhavSisinty I should, but that would take a lot of time away from Tesla, SpaceX &amp; other work. Walter Isaacson is writing a book.",elonmusk,33,3977
2022-04-21 08:40:07+00:00,1517060599578042369,"@billhuang688 @woonomic @VaibhavSisinty I put in all I had, whereas Eberhard, who was worth over $10M at the time, refused to invest a penny to help Tesla. 

If it was really his baby, he would never have stood by while it starved to death.

https://t.co/ZDfYLD5qkL",elonmusk,39,4118
2022-04-21 08:33:10+00:00,1517058850406506497,"@teslaownersSV @woonomic @VaibhavSisinty But if he was actually capable of creating a company like Tesla, he would have done so after he was fired for lying outrageously about cost &amp; progress of Roadster in mid 2007.

We would‚Äôve lost at least a few talented people if he was the real deal, but we lost no one.",elonmusk,27,5516
2022-04-21 08:27:57+00:00,1517057537731932161,@teslaownersSV @woonomic @VaibhavSisinty Eberhard has been relentlessly pushing a false narrative about Tesla for 15 years. He‚Äôs a compelling liar. Fooled me for almost 3 years.,elonmusk,39,6040
2022-04-21 08:09:07+00:00,1517052799070126080,"@woonomic @VaibhavSisinty Not even close to that. It was a shell corp with no employees, no IP, no designs, no prototype, literally nothing but a biz plan to commercialize AC Propulsion‚Äôs Tzero car, which was introduced to me by JB Straubel, *not* Eberhard. 

Even name ‚ÄúTesla Motors‚Äù was owned by others!",elonmusk,192,17155
2022-04-21 03:05:55+00:00,1516976498154037248,@WholeMarsBlog Tesla opex is embarrassingly high imo!,elonmusk,74,17087
2022-04-18 03:22:40+00:00,1515893546657751041,@teslaownersSV @Tesla I used to be such a snappy dresser!,elonmusk,140,59241
2022-04-17 06:25:21+00:00,1515577134437347329,"@WholeMarsBlog Based on feedback received, we will drop mobile connector price to $200 &amp; make it easy to order with car. 

Note, mobile connector is not needed if you have a Tesla wall connector or to use Superchargers.

Recommend installing Tesla wall connector well before car arrives.",elonmusk,296,12918
2022-04-16 21:20:54+00:00,1515440119074930694,"@WSBChairman In fairness to the Twitter board, this might be more of a concern about other potential bidders vs just me",elonmusk,174,31501
2022-04-16 18:57:17+00:00,1515403974802870279,"@ChrisJBakke Wow, with Jack departing, the Twitter board collectively owns almost no shares! Objectively, their economic interests are simply not aligned with shareholders.",elonmusk,1246,197013
2022-04-15 21:32:09+00:00,1515080561643208710,@yishan My most immediate takeaway from this novella of a thread is that Twitter is *way* overdue for long form tweets!,elonmusk,1163,105405
2022-04-14 21:34:15+00:00,1514718700674306052,"@cameron If the current Twitter board takes actions contrary to shareholder interests, they would be breaching their fiduciary duty. 

The liability they would thereby assume would be titanic in scale.",elonmusk,1966,94259
2022-04-14 20:30:39+00:00,1514702695332036610,@somospostpc @Alwaleed_Talal @Twitter @Kingdom_KHC üßê,elonmusk,176,38000
2022-04-14 20:12:08+00:00,1514698036760530945,"Taking Twitter private at $54.20 should be up to shareholders, not the board",elonmusk,4401,203841
2022-04-14 19:26:37+00:00,1514686582745284651,"@PoliticalShort @Twitter Absolutely. It would be utterly indefensible not to put this offer to a shareholder vote. They own the company, not the board of directors.",elonmusk,894,122492
2022-04-14 19:12:42+00:00,1514683079968931841,"@Alwaleed_Talal @Twitter @Kingdom_KHC Interesting. Just two questions, if I may. 

How much of Twitter does the Kingdom own, directly &amp; indirectly?

What are the Kingdom‚Äôs views on journalistic freedom of speech?",elonmusk,8642,219848
2022-04-14 19:06:07+00:00,1514681422212128770,Will endeavor to keep as many shareholders in privatized Twitter as allowed by law,elonmusk,885,180833
2022-04-10 19:12:34+00:00,1513233496893915138,@tesla_raj Exciting times ahead,elonmusk,100,19760
2022-04-10 00:08:19+00:00,1512945536969678851,"@michaeljburry You will get it back, even though you shorted Tesla, you bastard ü§£",elonmusk,1087,59099
2022-04-09 14:39:37+00:00,1512802419301826575,@jspeedymorris22 @darrenrovell Now subtract crypto scam accounts that twitter constantly shows as ‚Äúreal‚Äù people in everyone‚Äôs feed,elonmusk,337,26811
2022-04-09 13:32:31+00:00,1512785529712123906,"Most of these ‚Äútop‚Äù accounts tweet rarely and post very little content. 

Is Twitter dying?",elonmusk,6256,205879
2022-04-08 18:59:57+00:00,1512505545416224783,"@stats_feed Price of lithium has gone to insane levels! Tesla might actually have to get into the mining &amp; refining directly at scale, unless costs improve.

There is no shortage of the element itself, as lithium is almost everywhere on Earth, but pace of extraction/refinement is slow.",elonmusk,1266,63331
2022-04-08 10:50:44+00:00,1512382427876007940,"Great work by Tesla Texas Team!!

Built &amp; delivered first Giga Texas production cars &amp; threw a killer opening party üí•üí´ üöò",elonmusk,607,194191
2022-04-07 08:04:56+00:00,1511978315372019714,@DBurkland @Tesla @gg4175 @TeslaChillMode @TeslaOwnersEBay @teslaownersSV @BLKMDL3 @MFrunker The door won‚Äôt be super strict,elonmusk,256,23119
2022-04-06 12:29:53+00:00,1511682606319947777,@RealWheelieman @WholeMarsBlog Increasingly likely that the Tesla vehicle computer will be able to process 288 FPS (36 Hz * 8 cameras),elonmusk,37,4491
2022-04-05 12:39:34+00:00,1511322655609303043,@paraga Looking forward to working with Parag &amp; Twitter board to make significant improvements to Twitter in coming months!,elonmusk,6248,311681
2022-04-05 06:32:39+00:00,1511230314902953984,"@PPathole @Erdayastronaut Yeah, single most annoying problem on twitter imo",elonmusk,131,23046
2022-04-03 19:03:17+00:00,1510694443476729865,"@Erdayastronaut @Tesla Raptor pump power is over 100MW per engine &amp; 33 engines, means over 3GW. Not even remotely possible for electric motors &amp; batteries to compete.",elonmusk,63,10692
2022-04-03 05:06:52+00:00,1510483952515100679,@GailAlfarATX @SpaceX @latestinspace @4thFromOurStar @cnunezimages @jessica_kirsh @JoeTegtmeyer @redditSpacePorn @Tesla @OwenSparks_ –ö–æ–Ω—Å—Ç–∞–Ω—Ç–∏ÃÅ–Ω –¶–∏–æ–ª–∫–æÃÅ–≤—Å–∫–∏–π,elonmusk,21,3198
2022-04-02 16:08:47+00:00,1510288141495640070,"@SawyerMerritt @Tesla This was an *exceptionally* difficult quarter due to supply chain interruptions &amp; China zero Covid policy.

Outstanding work by Tesla team &amp; key suppliers saved the day.",elonmusk,173,30770
2022-03-30 03:03:26+00:00,1509003338993610764,"@JimPethokoukis Good point. SpaceX &amp; Tesla would probably have died, since both narrowly escaped bankruptcy in 2008.",elonmusk,86,22426
2022-03-29 18:30:12+00:00,1508874180539863056,"@SawyerMerritt The UAW stole millions from workers, whereas Tesla has made many workers millionaires (via stock grants). Subtle, but important difference.",elonmusk,115,10142
2022-03-27 19:42:15+00:00,1508167534821793792,"@teslaownersSV I usually drive an alpha build, but switch to beta right before release so I know what Tesla owners are getting",elonmusk,33,5575
2022-03-27 11:23:15+00:00,1508041956961660933,@MosheShekhter @Tesla Looking into it,elonmusk,104,63534
2022-03-26 17:51:26+00:00,1507777261654605828,"Given that Twitter serves as the de facto public town square, failing to adhere to free speech principles fundamentally undermines democracy. 

What should be done?",elonmusk,6272,250418
2022-03-25 07:34:52+00:00,1507259709224632344,"Free speech is essential to a functioning democracy.

Do you believe Twitter rigorously adheres to this principle?",elonmusk,8938,182669
2022-03-24 17:07:22+00:00,1507041396242407424,Twitter algorithm should be open source,elonmusk,1739,68797
2022-03-24 16:50:25+00:00,1507037126654939140,"@waitbutwhy I‚Äôm worried about de facto bias in ‚Äúthe Twitter algorithm‚Äù having a major effect on public discourse. 

How do we know what‚Äôs really happening?",elonmusk,285,27838
2022-03-21 06:20:49+00:00,1505791520024186882,"@DoctorJack16 Main Tesla subjects will be scaling to extreme size, which is needed to shift humanity away from fossil fuels, and AI.

But I will also Include sections about SpaceX, Tesla and The Boring Company.",elonmusk,294,13432
2022-03-18 21:27:38+00:00,1504932565521686534,"@PaperBagInvest But reaching volume production with sustained positive cash flow was last achieved by an American car company, Chrysler, ~100 years ago!

Ford &amp; Tesla are the only American car companies to avoid bankruptcy. Even GM &amp; Chrysler went bankrupt in 2009.",elonmusk,17,3497
2022-03-18 21:25:58+00:00,1504932146166874125,"@PaperBagInvest Prototypes are easy, production is hard. 

Making an electric car was not the hard part of Tesla ‚Äì dozens of companies have done that.",elonmusk,53,7268
2022-03-17 06:56:51+00:00,1504351035560763395,"I have so much respect for the associates doing an honest day‚Äôs work at Tesla or SpaceX building &amp; servicing cars, rockets, Starlinks, batteries, solar &amp; many other things",elonmusk,429,142259
2022-03-14 14:38:17+00:00,1503379999142912001,"@Tesla__Mania @jurijfedorov Yeah, I did manage to throw the world champion sumo wrestler, but at the cost of smashing a disc in my neck that caused me insane back pain for 7 years!",elonmusk,73,8421
2022-03-14 02:39:12+00:00,1503199035460657157,@BLKMDL3 @Tesla Model S &amp; X are sublime,elonmusk,28,9596
2022-03-14 01:41:19+00:00,1503184467397128194,Tesla &amp; SpaceX are seeing significant recent inflation pressure in raw materials &amp; logistics,elonmusk,627,68856
2022-03-14 00:48:43+00:00,1503171228752052224,@Teslarati @Writer_01001101 Vector lanes is a particularly significant architectural improvement to Tesla AI,elonmusk,23,5581
2022-03-07 07:08:48+00:00,1500730165239988227,@hiromichimizuno @GailAlfarATX @Tesla @TeslaSolar @japan @vigold @SirineAti @DimaZeniuk @DogeUniversal @cb_doge @elonmuskbooks Áúü„ÅÆÂèã‰∫∫„Å®„ÅØ„ÄÅ‰∏ñÁïå„ÅåÈõ¢„Çå„Å¶„ÅÑ„Åè„Å®„Åç„Å´Ê≠©„Åø„Çà„Å£„Å¶Êù•„Å¶„Åè„Çå„Çã‰∫∫„ÅÆ„Åì„Å®„Åß„ÅÇ„Çã„ÄÇ,elonmusk,285,7656
2022-03-07 00:51:04+00:00,1500635105953419265,@GailAlfarATX @Tesla @TeslaSolar @japan @vigold @SirineAti @DimaZeniuk @DogeUniversal @cb_doge @elonmuskbooks It was an honor,elonmusk,12,6742
2022-03-06 13:59:18+00:00,1500471082750414848,@OwenSparks_ @Tesla @POTUS Cool!,elonmusk,26,13821
2022-03-06 05:27:17+00:00,1500342231353290755,@BillyM2k @OfficialABQ Maybe Tesla should make an AI vision device that plugs into these legacy traffic lights. It could just look at traffic &amp; automatically maximize throughput.,elonmusk,194,17165
2022-03-06 04:38:57+00:00,1500330068228280321,Even some of the best AI software engineers in the world don‚Äôt realize how advanced Tesla AI has become,elonmusk,1656,249883
2022-03-05 13:17:09+00:00,1500098089327251459,"@PPathole Alternate name for our company was Faraday, who invented the electric motor, whereas Nikola Tesla invented the AC induction motor",elonmusk,65,18279
2022-03-05 00:48:59+00:00,1499909806504779779,"Obviously, this would negatively affect Tesla, but sustainable energy solutions simply cannot react instantaneously to make up for Russian oil &amp; gas exports.",elonmusk,1533,202540
2022-03-03 16:24:34+00:00,1499420478183641089,@Teslarati @ResidentSponge This old YouTube clip helps explain why former UAW members who work at Tesla are not huge fans of UAW https://t.co/dncVvZrkoL,elonmusk,42,3298
2022-03-03 05:38:08+00:00,1499257795983466496,"@ICannot_Enough @genesimmons @JoeBiden By the way, Tesla factory worker compensation is the highest in the auto industry https://t.co/Peo3qtYc5D",elonmusk,51,5338
2022-03-03 05:04:31+00:00,1499249339671089152,"@ICannot_Enough @genesimmons @JoeBiden Our real challenge is Bay Area has negative unemployment, so if we don‚Äôt treat and compensate our (awesome) people well, they have many other offers and will just leave!

I‚Äôd like hereby to invite UAW to hold a union vote at their convenience. Tesla will do nothing to stop them.",elonmusk,264,6710
2022-03-02 08:36:58+00:00,1498940416053420037,"@teslaownersSV ü§£ü§£ That was me tweeting from @SpaceX when someone else had snatched my name. 

I was actually one of the earliest Twitter users, but dropped my account because people were tweeting such trivialities at first. @westcoastbill convinced me to get back in.",elonmusk,103,24943
2022-03-02 08:29:13+00:00,1498938463051292674,@WholeMarsBlog The probability of Tesla dying in 2008/2009 was very high. We closed our financing round at 6pm on Dec 24th ‚Äì the last working hour of the last day before Tesla would otherwise bounce payroll.,elonmusk,33,5653
2022-03-02 03:11:55+00:00,1498858611241635843,"@JoeBiden Tesla has created over 50,000 US jobs building electric vehicles &amp; is investing more than double GM + Ford combined

[fyi to person controlling this twitter]",elonmusk,3352,261850
2022-03-02 03:05:18+00:00,1498856948321722370,"@teslaownersSV @WholeMarsBlog Our primary challenge is affordability. Creating an expensive truck is relatively easy. 

If it is extremely hard to do so for Tesla, despite our much greater economies of scale &amp; better technology, then it is damn near impossible for others.",elonmusk,116,8555
2022-02-22 22:07:52+00:00,1496245381084200961,@DMC_Ryan @CyberpunkGame We‚Äôre working through the general case of making Steam games work on a Tesla vs specific titles. Former is obviously where we should be long-term.,elonmusk,81,2908
2022-02-21 16:58:21+00:00,1495805101671387137,"@d4t4wr4ngl3r @Tesla Tesla owners in the greater Giga Texas area will get priority, so yes",elonmusk,66,8298
2022-02-20 08:51:40+00:00,1495320236760846336,@Erdayastronaut @Twitter @jack @TwitterComms Seriously. How long must this go on?,elonmusk,66,12896
2022-02-20 08:51:02+00:00,1495320076135792644,"@TeslaOwnersEBay @WholeMarsBlog @teslaownersSV @MadonnaInn @telsa @SjvTesla @TeslaClubSoCal @TeslaClubLA @TeslaOwnersNBay @MyTeslaAdventur @teslaownersriv1 @OCTeslaClub @Tesla Depends mostly on FAA certification, but hopefully within 6 months. 

We‚Äôre testing on Gulfstreams to debug issues, but deployment priority is commercial airliners.",elonmusk,25,2616
2022-02-20 08:18:20+00:00,1495311848668729346,@teslaownersSV @MadonnaInn @telsa @SjvTesla @TeslaClubSoCal @TeslaClubLA @TeslaOwnersNBay @MyTeslaAdventur @teslaownersriv1 @OCTeslaClub @Tesla Cybertruck,elonmusk,35,4271
2022-02-20 08:16:57+00:00,1495311500549898243,"@WholeMarsBlog @teslaownersSV @MadonnaInn @telsa @SjvTesla @TeslaClubSoCal @TeslaClubLA @TeslaOwnersNBay @MyTeslaAdventur @teslaownersriv1 @OCTeslaClub @Tesla Yes, in the air",elonmusk,14,2344
2022-02-20 08:11:48+00:00,1495310201649451012,@teslaownersSV @MadonnaInn @telsa @SjvTesla @TeslaClubSoCal @TeslaClubLA @TeslaOwnersNBay @MyTeslaAdventur @teslaownersriv1 @OCTeslaClub @Tesla Probably,elonmusk,24,4337
2022-02-19 01:05:40+00:00,1494840576264454145,"@RyanZohoury @TeslaCharging @Tesla And, of course, you can pay in √êoge",elonmusk,386,13593
2022-02-19 01:01:01+00:00,1494839405634207745,@RyanZohoury @TeslaCharging @Tesla And futuristic diner / drive-in theater planned for Hollywood area!,elonmusk,83,10822
2022-02-17 16:34:57+00:00,1494349659111833600,"@truth_tesla @CoinDesk @Aoyon_A @realDannyNelson For an in-depth explanation, read https://t.co/eEojD2dQ2k",elonmusk,76,3173
2022-02-17 02:47:36+00:00,1494141453454426114,@PPathole @Tesla @SpaceX High pain threshold,elonmusk,87,15781
2022-02-16 21:46:59+00:00,1494065800482902030,"@westcoastbill I was at a lunch with Munger in 2009 where he told the whole table all the ways Tesla would fail. 

Made me quite sad, but I told him I agreed with all those reasons &amp; that we would probably die, but it was worth trying anyway.",elonmusk,1723,120108
2022-02-13 21:52:10+00:00,1492979939154538496,@ilyasut So many layers with Tesla FSD AI!,elonmusk,22,3775
2022-02-13 18:33:17+00:00,1492929887581188098,@GailAlfarATX @Tesla ‚ô•Ô∏è,elonmusk,32,9673
2022-02-13 01:06:54+00:00,1492666559277551616,@TeslaHistorian Now Tesla is worth a trilly willy!,elonmusk,107,14098
2022-02-08 20:42:50+00:00,1491150551752769538,@POTUS Tesla https://t.co/3yhDxY2pjA,elonmusk,130,21630
2022-02-06 00:27:58+00:00,1490120045028122624,Tesla Model S &amp; X Plaid are so fun!,elonmusk,236,38792
2022-02-04 15:01:40+00:00,1489615144116174850,@co_tesla üíØ,elonmusk,58,21062
2022-02-03 21:27:31+00:00,1489349857441726465,@GailAlfarATX @Tesla Tesla is working hard to provide more Megapacks for grid stabilization,elonmusk,38,7125
2022-02-02 14:59:23+00:00,1488889793048195082,@MinimalDuck @Tesla @Gfilche @WholeMarsBlog Tunnels ‚Ä¶,elonmusk,38,5585
2022-02-01 05:56:39+00:00,1488390820214542338,"@WholeMarsBlog Tesla has great respect for software engineering, they do not",elonmusk,44,5868
2022-01-31 23:47:31+00:00,1488297924329103361,@GerberKawasaki @Tesla @joerogan ‚Ä¶,elonmusk,22,4693
2022-01-31 19:33:46+00:00,1488234069922131969,"@GailAlfarATX They‚Äôve been writing bogus articles about Tesla (and me) for years. In the end, it is their own credibility that suffers.",elonmusk,50,7241
2022-01-30 20:04:38+00:00,1487879449798270977,"For reasons unknown, @potus is unable to say the word ‚ÄúTesla‚Äù",elonmusk,1170,94394
2022-01-30 19:43:44+00:00,1487874188375326723,@GailAlfarATX @POTUS @Tesla @JohnnaCrider1 @SawyerMerritt @WholeMarsBlog @teslaownersSV @TeslaOwnersEBay @Kristennetten @live_munro @BillyM2k @Grimezsz üî•üî•,elonmusk,26,8780
2022-01-28 19:25:54+00:00,1487144923593949186,@Tesmanian_com Excited for future of solar at Tesla!,elonmusk,61,13027
2022-01-28 17:51:33+00:00,1487121182155550725,@stevenmarkryan Tesla will support FSD licensing by other manufacturers,elonmusk,263,6532
2022-01-28 01:54:29+00:00,1486880325871587329,"@stevenmarkryan Given how hard insanely FSD is, I think it may take 5 years or more before any company besides Tesla solves it",elonmusk,218,9343
2022-01-27 08:29:07+00:00,1486617252128608256,@Gfilche @Tesla ‚ô•Ô∏è,elonmusk,54,17992
2022-01-25 11:06:55+00:00,1485932186280906752,"@technology Our biggest limitation with Fremont is convincing enough associates to build cars when they have so many other job opportunities in the Bay Area! 

Thanks again Tesla team for doing the hard work of building real products that people love ‚ô•Ô∏è",elonmusk,40,4240
2022-01-21 09:23:26+00:00,1484456594775678976,Twitter is spending engineering resources on this bs while crypto scammers are throwing a spambot block party in every thread!?,elonmusk,1475,145244
2022-01-19 09:11:10+00:00,1483728729545363457,"Tesla AI might play a role in AGI, given that it trains against the outside world, especially with the advent of Optimus",elonmusk,604,84657
2022-01-19 01:38:56+00:00,1483614923158691840,@PPathole @Tesla I was just there. Good progress!,elonmusk,29,4978
2022-01-19 00:42:18+00:00,1483600671853223936,@tesla_raj People do not yet understand how valuable an autonomous vehicle will be,elonmusk,204,10671
2022-01-16 23:17:13+00:00,1482854483017318400,@heydave7 @RealDanODowd @nytimes @Tesla @RealDawnProject Green Hills software is a pile of trash. Linux ftw.,elonmusk,123,9339
2022-01-16 00:42:57+00:00,1482513670777102340,@DriveTeslaca @Tesla Firmware fix to recalibrate heat pump expansion valve is rolling out now,elonmusk,100,4864
2022-01-16 00:03:47+00:00,1482503814963863554,@DriveTeslaca @Tesla Fixing this is a high priority,elonmusk,41,7523
2022-01-14 06:18:50+00:00,1481873421390680065,Tesla merch buyable with Dogecoin,elonmusk,7625,321144
2022-01-12 23:02:42+00:00,1481401280144814083,@PPathole @Tesla Still working through a lot of challenges with the government,elonmusk,1246,33411
2022-01-12 00:00:37+00:00,1481053467003269122,"@vincent13031925 Tesla is working as fast as possible to support Tesla owners worldwide. 

Sustainable energy affects everyone on Earth, as we all share one atmosphere.",elonmusk,84,18896
2022-01-08 18:38:55+00:00,1479885341603635207,"@BLKMDL3 @Tesla It‚Äôs our best car ever, along with the Plaid X",elonmusk,73,23029
2022-01-07 23:36:11+00:00,1479597763251916801,"@WholeMarsBlog It was a mistake to try to use the Elise. In the end, only ~5% of the Elise parts ended up being used. Tesla Roadster is a totally different car.",elonmusk,29,7975
2022-01-07 23:09:17+00:00,1479590995595517958,Tesla FSD price rising to $12k on Jan 17,elonmusk,1427,73133
2022-01-03 18:31:27+00:00,1478071525660147720,@ClaudioOmbrella @Tesla @slcuervo @alex_avoigt @ClubTeslaES @teslaownersSV @TeslaSchweiz @TeslaMotorsClub @vaielettrico üá®üá≠Yay Switzerland!! üá®üá≠,elonmusk,25,4226
2022-01-02 17:56:50+00:00,1477700424933253123,Great work by Tesla team worldwide!,elonmusk,311,64166
2022-01-01 01:58:52+00:00,1477096955658579974,@BLKMDL3 @Tesla üî•,elonmusk,45,42958
